,ID,E_Brent,Opt_Basica,PP,BR,AR,WO,NW,opt_CE,opt_CN,opt_CS,opt_IC,opt_IN,opt_IS,BE_F,VPN_Basica_porta,VPN_incremental_porta,VPN_Basica,VPN_incremental,VPN_Total,EFI_INCREMENTAL,capex,opex_basica,opex_incremental,volumen_B_LE,volumen_I_LE,volumen_T_LE
0,0,40,0,0.555,1,0,1,1,1,1,1,1,1,1,33.188172441986985,0,81612.0478,0,0,0,4.525132913158783e-10,258069.7285,922613.727,1068836.1424,0.0,10.112993978275,10.112993978275
1,1,40,0,0.555,1,0,1,0,1,1,1,1,1,1,33.58631926474424,0,40467.897,0,0,0,0.0,133981.4573,922613.727,935820.3938,0.0,4.631464602075001,4.631464602075001
2,2,40,0,0.555,1,0,0,1,1,1,1,1,1,1,45.753143571236805,0,5353.4332,0,0,0,0.0,124088.2712,922613.727,1055629.4756,0.0,4.78783958445,4.78783958445
3,3,40,0,0.555,0,1,1,1,1,1,1,1,1,1,39.71823436511465,0,57798.2604,0,0,0,0.0,465205.8346,922613.727,1395741.0687,0.0,16.321276825375,16.321276825375
4,4,40,0,0.555,0,1,1,0,1,1,1,1,1,1,28.57147785574032,0,63524.3015,0,0,0,0.0,94775.9959,922613.727,985951.6438,0.0,5.454992128437501,5.454992128437501
5,5,40,0,0.555,0,1,0,1,1,1,1,1,1,1,12.181649609642554,0,-46915.8766,0,-25640.9464,-25640.9464,0.0,370429.8387,922613.727,1332403.1519,0.0,0.0057485720625,0.0057485720625
